title,status,due,completed,notes,updated,id
Take trash out,needsAction,2026-06-18T00:00:00.000Z,,,2026-06-17T23:45:35.584Z,WHVYbmxUUy1fMjM1YzloVw
Change ollama workflows. See photo,completed,2026-04-23T00:00:00.000Z,2026-06-17T17:57:12.677Z,,2026-06-17T17:57:12.875Z,MHp3TWwtUGM1RDd3c29KeA
Make dr apt about eyes - review test results from US,needsAction,2025-12-24T00:00:00.000Z,,,2026-06-17T17:56:56.933Z,YkczbmFpNURVbTJrZkE4OA
Print new Martha/Laura pic for GC,completed,2026-05-01T00:00:00.000Z,2026-06-17T17:55:43.544Z,,2026-06-17T17:55:43.774Z,S18tWXFYWEs0LXF4di1JQg
I robot,completed,2026-05-11T00:00:00.000Z,2026-06-17T17:55:36.309Z,,2026-06-17T17:55:36.581Z,c2J2N2ZuVU1PM1czeFV0cw
"Cruise 360 pics (in onedrive media folder, move to archive?)",completed,2026-04-21T00:00:00.000Z,2026-06-17T17:54:20.811Z,,2026-06-17T17:54:21.108Z,QVBvdUc4R2I5MUlCTkRXYQ
List of tasks - Media related ,needsAction,,,"Old 8mm film videos - Get edited and put up on Google Photos
Old 8mm digital videos - Get edited and put up on Google Photos
Photo collection ppl tagging - tag in google photos, use macos app
--> Tag each and every photo in Google Photos
[x] 2026 1/1..1/15
[x] 2025 
[x] 2024
.
.
.
[x] 2019
[  ] 2018 1/31...

[x] 2/4/1998 and before also done

Photo collection album creation  - check list for holes - 1990s and past
Photo collection spreadsheet - update for missing albums
360 Photos - backup? where to store locally? OneDrive Media folder?",2026-06-17T17:54:18.005Z,Sm5xU2h1cTc0ay1BelhYMw
Google Photos - Tag ppl,completed,2026-04-01T00:00:00.000Z,2026-06-17T17:53:54.830Z,"Tag each and every photo in Google Photos
[x] 2026 1/1..1/15
[x] 2025 
[x] 2024
.
.
.
[x] 2019
[  ] 2018 1/31...

[x] 2/4/1998 and before also done",2026-06-17T17:53:55.039Z,OEJQTVNDaUpSSE1DckVIRA
Isaac Asimov's Hybrid Reading Guide,completed,2025-09-15T00:00:00.000Z,2026-06-17T17:53:51.611Z,"Your Path Forward 

I, Robot (1950) - (Short story collection) - done

Finish the Galactic Empire Trilogy: You've already started The Stars, Like Dust. It's best to complete the short Galactic Empire series to get those stories in the order they were published.
The Stars, Like Dust (1951) - done
The Currents of Space (1952) - done
Pebble in the Sky (1950) - done

Go Back to the Beginning (Chronologically): Now that you've finished the short stories from I, Robot and the Empire trilogy, you can move on to the chronologically first novels in the saga, which star detective Elijah Baley and his robotic partner, R. Daneel Olivaw. These stories build directly on the themes of the robot short stories.
The Caves of Steel (1954) - done
The Naked Sun (1957) - next/reading now
The Robots of Dawn (1983)
Robots and Empire (1985)

Read the Core Foundation Trilogy (Publication Order): With the Robot and Empire novels complete, you can now dive into the original Foundation series. Reading these in the order they were published preserves the carefully constructed plot and reveals.
Foundation (1951)
Foundation and Empire (1952)
Second Foundation (1953)

Complete the Saga: Finally, read the later sequels and prequels, which tie the entire universe together. Reading them now will make the connections to the earlier Robot novels much clearer.
Foundation's Edge (1982)
Foundation and Earth (1986)
Prelude to Foundation (1988)
Forward the Foundation (1993)

The Second Foundation Trilogy (Posthumous)
This trilogy was written by other authors with the authorization of the Asimov estate to continue the saga after Asimov's death. It is the definitive conclusion to the narrative.
Foundation's Fear (by Gregory Benford)
Foundation and Chaos (by Greg Bear)
Foundation's Triumph (by David Brin)",2026-06-17T17:53:51.818Z,VFE5R3pXcThSLVJEZ1VzRw
Old Digital 8 Movies,completed,2025-04-03T00:00:00.000Z,2026-06-17T17:53:50.562Z,Edit and put up on Google Photos,2026-06-17T17:53:50.764Z,ZFdLTW1ZTll5b2w2WWZ6cQ
Google Photos - Finish Albums 1990s and Past,completed,2026-04-01T00:00:00.000Z,2026-06-17T17:53:27.705Z,,2026-06-17T17:53:27.916Z,ejc5eGFicWtBWGlUaGt3Rw
Google Photos - Update Photo Collections Sheet,completed,2026-04-01T00:00:00.000Z,2026-06-17T17:53:22.196Z,,2026-06-17T17:53:22.393Z,bk5PbE9Db0tjTG9vZ1NILQ
Old Film Video’s,completed,2026-07-30T00:00:00.000Z,2026-06-17T17:52:07.095Z,Get edited and put up on Google Photos,2026-06-17T17:52:07.299Z,OU1pMmZXQnpTeTQwTUxOeg
Cardboard,completed,2026-06-17T00:00:00.000Z,2026-06-17T13:27:50.076Z,,2026-06-17T13:27:50.332Z,aUNkZWJCQzNjbWVuWEtodQ
Pick up meds at Giant,completed,2026-06-13T00:00:00.000Z,2026-06-13T19:09:28.431Z,,2026-06-13T19:09:28.829Z,OUNrNkhFQUJTZFZxS2x2TQ
Self rising flour ,completed,2026-04-28T00:00:00.000Z,2026-06-13T19:09:14.358Z,,2026-06-13T19:09:14.757Z,eENBQUtWcTZoWDlZZzc5dA
xxx,completed,,2026-06-04T14:36:11.797Z,"https://www.reddit.com/r/ComfyUIResources/comments/1sb7ou4/how_to_generate_photorealistic_nsfw_images_with/?share_id=XmxLHMN7OxaqNUp7pOWhU&utm_content=2&utm_medium=ios_app&utm_name=ioscss&utm_source=share&utm_term=1

https://civitai.red/models/1972981/sex-nudes-other-fun-stuff-snofs

https://civitai.red/images/125935992

https://imgchest.com/p/9ryd3a9m67k

https://civitai.red/models/1988828/better-penis-for-flux-z-imageb-klein-9b

https://civitai.red/images/126112157

https://civitai.red/models/2382648/pornmaster-flux2-klein?modelVersionId=2679331

https://civitai.red/images/120686034
",2026-06-04T14:36:12.154Z,XzR6Ujc0blNEMDAxb1NJcQ
Night settings for x5,completed,,2026-06-04T14:35:30.509Z,"72mb, hdr off, pureshot, 1/80, 1600 iso , 4000k wb (ev not set)",2026-06-04T14:35:30.860Z,R3VMdGhoMWJZYm9yejkyLQ
"Transfer 5,800",completed,2026-06-01T00:00:00.000Z,2026-06-04T14:35:22.811Z,,2026-06-04T14:35:23.194Z,c1o4RXFSelFOTEh2YVNGNQ
Empty Water Tanks in Extra room,completed,2026-05-31T00:00:00.000Z,2026-06-01T16:57:17.773Z,,2026-06-01T16:57:17.974Z,SmY1RG96V25uS2NKcjBWYw
update openwebui with current models - see graphic on google drive,completed,2026-04-25T00:00:00.000Z,2026-05-26T17:08:00.093Z,,2026-05-26T17:08:00.256Z,MUgxU2ZZOGNOQ0R6RndfVQ
fleet status check - is all that one drive stuff really needed?,completed,2026-04-29T00:00:00.000Z,2026-05-26T17:07:41.076Z,,2026-05-26T17:07:41.297Z,VS15NTZkYTRMdkxmUnJGUw
Dutch train pass - June 21 until September 1,needsAction,,,"Off-peak hours: Monday to Friday from 9 am to 4 pm and 6.30 pm to 6.30 am.
Weekend: Friday evening 6.30 pm to Monday morning 4.00 am.

https://www.ns.nl/en/season-tickets/?utm_source=google&utm_medium=Paid_Search&utm_campaign=NSR-EN-FLEX-BR-flex-algemeen_C12647&utm_content=&utm_term=ns%20subscription&utm_id=google_ads_18136404666&gad_source=1&gad_campaignid=18136404666&gclid=CjwKCAjwidXQBhAZEiwA4egw6ArxXeZCwDQ2w-vFQNiUMZoQyWf8hm5KMX3VgzX27T8JUE2MAzM0FhoCQKkQAvD_BwE

https://www.iamexpat.nl/expat-info/dutch-news/49-euro-discount-ticket-dutch-public-transport-launch-june-21?fbclid=IwY2xjawSCkl5leHRuA2FlbQIxMABicmlkETFla3RSVjNKazFjS2dYY3Ztc3J0YwZhcHBfaWQQMjIyMDM5MTc4ODIwMDg5MgABHjn66gtN-mj6Z4Lq2aIrI4yXTaft37y7W2l2RRADU079D5VHdbtV6WEFqlMm_aem_FRhAjbiVRVVaPuOqjPJWQQ",2026-05-26T15:37:16.173Z,TFdzNWg5RFJJZEh2X0w5aA
Order Bio-Kult,completed,2026-07-08T00:00:00.000Z,2026-05-26T06:38:00.854Z,https://www.vitaminstore.nl/product/bio-kult-bio-kult-probiotica-vegicaps-1304451,2026-05-26T06:38:01.184Z,aGFfc3RNNGI3WEdhZ1RHSQ
Setup quick dirty systems check. Ollama. Comfyui. 11434/8189,completed,2026-05-11T00:00:00.000Z,2026-05-26T06:36:42.163Z,,2026-05-26T06:36:43.513Z,QldJUGZxYjliYzhaeU84Zg
Tailscale. Chat. ,completed,2026-04-25T00:00:00.000Z,2026-05-26T06:35:48.647Z,,2026-05-26T06:35:48.973Z,Y0J1V3BfQ3kwM1UxTUNCeQ
Add memory to Image Beast - needs new mobo,completed,2026-04-25T00:00:00.000Z,2026-05-18T07:05:30.430Z,,2026-05-18T07:05:30.650Z,cnNTeElaLUlQenBZaXFmMA
Install NVMe into a PCIe card on ChatWorkhorse/B450 mobo,completed,2026-04-25T00:00:00.000Z,2026-05-18T07:05:28.292Z,,2026-05-18T07:05:28.513Z,Y2hYVDNVYml0b2pIZHVleA
New connection to extra room. Direct line of sight. Amazon.nl,completed,2026-04-19T00:00:00.000Z,2026-05-18T07:05:17.064Z,,2026-05-18T07:05:17.363Z,OTJsbmVJVzdMOVhNWmZ3cg
Buy replacement tv for Spuistraat - bol.com???,completed,2026-07-03T00:00:00.000Z,2026-05-10T18:46:26.072Z,,2026-05-10T18:46:26.268Z,REJmNXVONVk1b1NKVzl1UA
Update Fleet Repo,needsAction,2026-04-28T00:00:00.000Z,,"The shape of it for ChatWorkhorse would be a single PowerShell script that:

SQLite backup of webui.db to the repo directory
ollama list output redirected to a text file in the repo
pip freeze from C:\OpenWebUI\python.exe to requirements.txt
git add . / git commit -m ""automated backup $(Get-Date -Format yyyy-MM-dd)"" / git push

Scheduled via Task Scheduler to run nightly, say 3am.
Repeat a version of the same script for each machine, adjusted for the paths and services on that machine. ImageBeast would add ComfyUI custom node list export. AmsterdamDesktop would add the Flask dependencies.",2026-04-27T16:58:06.602Z,V1dhUWJ6aVhxdWxFLUd5aw
Bathers in Lego ,completed,,2026-04-27T08:52:24.337Z,,2026-04-27T08:52:24.504Z,eDl3ZUlIUWZOYWxLRGYyXw
Playback error. Nas,completed,2026-04-25T00:00:00.000Z,2026-04-27T08:52:12.340Z,,2026-04-27T08:52:12.521Z,QnF3SkpBUU03NlhQY01oQg
TODO: Rebuild OpenWebUI on ChatWorkhorse,needsAction,2026-04-27T00:00:00.000Z,,"see google docs for full details

copy C:\OpenWebUI\data\webui.db C:\Users\Pc\Desktop\webui.db.backup
cd \OpenWebUI
C:\OpenWebUI\python.exe -m pip install --upgrade open-webui

",2026-04-26T15:42:57.936Z,Ri1EQXdnMDBiUW4xMDZjNg
WellSpan. 717-851-5005,completed,2026-04-21T00:00:00.000Z,2026-04-22T15:55:31.714Z,,2026-04-22T15:55:31.931Z,N3NGT2toU0QzT0hjV2Y0Nw
Fw: Your subscription to Microsoft 365 Family has been renewed,completed,2026-01-28T00:00:00.000Z,2026-04-22T08:09:51.989Z,,2026-04-22T08:09:53.424Z,TWZHRFV0VXJjLUcxUVN2YQ
Action - Paper,completed,2025-12-24T00:00:00.000Z,2026-04-21T19:01:49.503Z,,2026-04-21T19:01:51.406Z,T1ItZlBIbzllTG90N2xvMg
Travel Beast - win11 pro. Setup RDP - cruise - did VNC instead,completed,,2026-04-20T22:11:10.235Z,,2026-04-20T22:11:10.584Z,WWZTbG5WVnRsNUE0WFg2Xw
Look at old workflows in 0printdelete,needsAction,2026-04-21T00:00:00.000Z,,,2026-04-20T21:42:58.206Z,anNBVm1jZzlGSTR4cXVqUg
Remove comfyui from AmsterdamDesktop,needsAction,2026-04-21T00:00:00.000Z,,,2026-04-20T21:40:56.024Z,NU5TTlRVV1hQdDBIbEdXaw
Order new MOBO for ImageBeast?,completed,2026-04-19T00:00:00.000Z,2026-04-20T16:37:34.483Z,,2026-04-20T16:37:34.635Z,NnRMc0R0ZFFjcjUtZm5oag
Order parts for system rebuilds,completed,2026-04-19T00:00:00.000Z,2026-04-20T16:37:28.439Z,,2026-04-20T16:37:28.606Z,TmxTeGVZczd6azZuZnI5Sw
Documents folder missing on MacBook Air ,completed,2026-04-19T00:00:00.000Z,2026-04-20T16:37:25.170Z,,2026-04-20T16:37:25.317Z,N0FEbi11bFFfZVdOMWNPTA
Get new MacBook. See photos. 17 April 2026,needsAction,2026-10-12T00:00:00.000Z,,,2026-04-17T11:29:58.122Z,N3ZBNXVYUEp0ZU5XTF85dg
Clean up sub-dir,needsAction,2026-04-22T00:00:00.000Z,,"Subdir Structure Mismatches

5 files in wrong subdirectory — run fix_subdir_structure.bat to correct
Model	Size	Current Path (Models_bare)	Correct Path (ImageBeast)
ae.safetensors	0.31 GB	vae/ae.safetensors	vae/Z-Image/ae.safetensors
clip_l.safetensors	0.23 GB	clip/clip_l.safetensors	text_encoders/SD3/clip_l.safetensors
flux1-dev-fp8.safetensors	11.08 GB	unet/flux1-dev-fp8.safetensors	checkpoints/FLUX/flux1-dev-fp8.safetensors
t5xxl_fp8_e4m3fn.safetensors	4.56 GB	clip/t5xxl_fp8_e4m3fn.safetensors	text_encoders/SD3/t5xxl_fp8_e4m3fn.safetensors
z_image_turbo_bf16.safetensors	11.46 GB	diffusion_models/z_image_turbo_bf16.safetensors	diffusion_models/Z-Image/z_image_turbo_bf16.safetensors

Each loader node only searches within its own designated folder(s). ComfyUI maps node types to folders like this:

CLIPLoader → looks in clip/ and text_encoders/
DualCLIPLoader → looks in clip/ and text_encoders/
CheckpointLoaderSimple → looks in checkpoints/
UNETLoader → looks in diffusion_models/ and unet/
UnetLoaderGGUF → looks in unet/
VAELoader → looks in vae/
",2026-04-12T10:37:14.783Z,bHNjVFlVby10LUpHNEQ3ZA
Clean up Models - ComfyUI,needsAction,2026-04-29T00:00:00.000Z,,"C:\ComfyUI_Models\models\diffusion_models\

Z-Image - do i need all of these - especial in the 'bare' for chat and travel:

 Directory of C:\ComfyUI_Models\models\diffusion_models\Z-Image (on ImageBeast)

04/07/2026  10:16 PM    <DIR>          .
01/23/2026  10:43 PM    <DIR>          ..
01/20/2026  10:48 PM     4,335,245,376 z-image-turbo-q4_k_s.gguf
01/20/2026  10:36 PM     6,158,115,074 z-image-turbo_fp8_scaled_e5m2_KJ.safetensors
01/30/2026  05:22 PM    12,309,866,400 z_image_bf16.safetensors
01/11/2026  03:27 PM    12,309,866,400 z_image_turbo_bf16.safetensors
               4 File(s) 35,113,093,250 bytes

Which models are used in the 'Prime set' ... workflows root directory

Workflow names:
It's tempting but I'd push back a little — the spelled-out names in your current filenames are actually more useful than codes. When you're scanning a file list you immediately know what Flux 2 Klein 9B FP8mixed means. F2K9FP8 requires a decoder in your head.
The only place abbreviations really help is when filenames get long enough to be truncated in File Explorer or the ComfyUI browser. Looking at your current names like 110tb Edit Image - Flux 2 Klein 4B - One Image Edit.json — that's already readable and not excessively long.
If you do standardize anything, I'd focus on consistency rather than abbreviation — you have a few variations like FP8mixed, fp8mixed, FP8 mixed that could be normalized. But that's a minor thing.

fix_subdir_structure.bat (fleet-output)


ACTIVE MODELS in 'Prime' Workflows:

Model Name

3d-hunyuan3d-dit-v2-mv-turbo   
3d-hunyuan3d-v2.1
4x-nmkd-siax-200k
4x-ultra-sharp
AlphaTwo
BetaOne-gguf
COMFYUITemplateDHM-04-hunyuan-3d-2.1-subgraphed 
COMFYUITemplateOrig-04-hunyuan-3d-2.1-subgraphed
flux1-dev
flux1-dev-kontext-fp8
flux1-fill
flux1-fill-dev
flux1-fill-dev 
flux1-kontext-dev
flux1-kontext-dev-fp8-e4
flux1-kontext-dev-fp8-scaled
flux2-dev-fp8mixed
flux2-klein-4b-fp8
flux2-klein-9b-fp8-mixed
flux2-klein-9b-kv-fp8
flux2-klein-base-9b-fp8
none
qwen-2511
qwen-2511-nsfw
qwen-edit-2511
qwen-image-edit-2509
qwen-rapid-aio-nsfw-v22
qwen-rapid-aio-simple
real-esrgan-x4
vantage-z-image
x
z-image-turbo

",2026-04-09T13:15:04.875Z,VHI1d2trZkdtOHNYZ2R2UQ
Replace door lock @spuistraat - 9V Battery - (remove?) - Spuistraat,needsAction,2026-05-02T00:00:00.000Z,,,2026-04-09T09:47:57.070Z,bVpwXzZmMEh5R0sxNnFTUg
Print bowen clip for GC printer & tools,needsAction,2026-05-01T00:00:00.000Z,,,2026-04-09T09:47:33.955Z,QkZZT1h3NVd3V010blhXZA
ComfyUI Models/Workflows/Loras to try on ImageBeast,needsAction,2026-04-29T00:00:00.000Z,,"https://comfy.org/workflows/image-qwen_image_edit_2511_lora_inflation-361cd788164e/

999 template_sirolim_any_aspect_ratio_nb2

999 templates-all_in_one-image_edit_models",2026-04-08T22:22:53.111Z,R3JnWXhrb2FvLWxBVjBSNQ
Spring Cruise — Pre-Cruise Setup Checklist,completed,2026-04-03T00:00:00.000Z,2026-04-08T22:19:07.529Z,"GL-SFT1200 + TravelBeast + MacBook

Overview
Everything runs locally — no internet needed. Your software is already working at home. This checklist is purely about verifying the travel hardware works together before you pack it.

1. GL-SFT1200 Router Setup
Admin panel: http://192.168.8.1 — default password: goodlife
Configure your SSID and WPA2 password in Wireless settings. Ignore WAN errors — the WAN port stays empty.
Static DHCP Leases (More Settings → LAN → Static Leases):
DeviceReserved IPTravelBeast (server)192.168.8.10MacBook (client)192.168.8.11
Find each device's Wi-Fi MAC address in OS network settings and bind it to the reserved IP.

2. TravelBeast — Confirm Service Bindings
ComfyUI — launch command must include:
python main.py --listen 0.0.0.0 --port 8188
Ollama — set system environment variable:
OLLAMA_HOST = 0.0.0.0
Restart Ollama after setting it.
Windows Firewall — inbound rules allowing TCP ports 8188 and 11434.

3. End-to-End Test at Home

Power on GL-SFT1200, wait 60 seconds
Connect TravelBeast to GL.iNet Wi-Fi
Start ComfyUI and Ollama on TravelBeast
Connect MacBook to GL.iNet Wi-Fi
Open MacBook browser → http://192.168.8.10:8188
Confirm ComfyUI loads and run a test generation

If it works at home on the GL.iNet network, it works identically in the cabin.

4. Pre-Departure Checklist

 GL.iNet SSID and password configured
 TravelBeast static lease — 192.168.8.10
 MacBook static lease — 192.168.8.11
 ComfyUI --listen 0.0.0.0 flag verified
 OLLAMA_HOST=0.0.0.0 set and Ollama restarted
 Windows Firewall ports 8188 and 11434 open
 End-to-end test completed successfully
 GL.iNet USB-C charger packed
 Ethernet cable packed (for admin panel access)


5. In-Cabin Quick Reference
Router adminhttp://192.168.8.1ComfyUIhttp://192.168.8.10:8188Ollama APIhttp://192.168.8.10:11434TravelBeast IP192.168.8.10MacBook IP192.168.8.11
Startup sequence: GL.iNet on → TravelBeast joins Wi-Fi → start ComfyUI + Ollama → MacBook joins Wi-Fi → open browser → generate.",2026-04-08T22:19:08.006Z,VnR2MGRMZGxVT2NzTlFxXw
ComfyUI - Make Styles Uniform Across the Fleet - Image/Chat/Travel,needsAction,2026-04-29T00:00:00.000Z,,,2026-04-08T22:18:29.656Z,ZXZUQmk0YTczUHF0U3lseQ
Movies Watched,completed,2026-03-18T00:00:00.000Z,2026-03-31T13:49:50.134Z,"running man
ghostbusters frozen empire
cold storage
shelter
War machine 
The Watchers",2026-03-31T13:49:50.471Z,WHRJT3VJVGQ2dGtiT3pYSw
Uber Money to Bekah - Florida,completed,2026-03-26T00:00:00.000Z,2026-03-30T16:49:29.558Z,,2026-03-30T16:49:30.016Z,MW1wQllMMy1WdWlKS0oyeA
Tax info to prepper,completed,,2026-03-30T16:47:22.898Z,,2026-03-30T16:47:24.739Z,WTJKTkdUM0lSMTFQZFpJeQ
Amazon return,completed,,2026-03-30T16:47:23.978Z,,2026-03-30T16:47:24.739Z,ZFA2YTlOZHRxdC15WFk2dA
Laura's new PC and old PC Memory Upgrade,completed,2025-12-27T00:00:00.000Z,2026-03-30T16:10:03.097Z,Ordered memory,2026-03-30T16:47:23.184Z,TURUdGVsd1c2WDJJekJ1Rg
Put Office on Laura's New PC,completed,2026-03-25T00:00:00.000Z,2026-03-26T00:09:55.397Z,,2026-03-26T00:09:55.602Z,TmJBM0NzNHpYU1NZV1Zxag
Turkey - image processing - 3d Spatial,completed,2026-02-27T00:00:00.000Z,2026-03-21T14:48:48.243Z,"[x] setup second (ollama) machine 
[x] setup third (ImageBeast) machine
[x] Image processing - general creation
[x] Z-Image Image processing (YouTube videos)
[  ] 3D / Spatial Image creation
[  ] gemma3:27b on ImageBeast (creates images directly in OpenWeb UI)
[  ] OpenWeb UI on ImageBeast (for above)
[X] Mesh creation
[x] Photo Restoration
[x] eX remover",2026-03-21T14:48:48.372Z,MjVNYVdGbnV4YS12OEZEZw
HeartBeat - On macmini/surface - Syncthing,completed,2026-03-31T00:00:00.000Z,2026-03-18T21:44:21.813Z,,2026-03-18T21:44:21.992Z,a1ctcFZzSlVZaEtiQllxcA
Test New 3D Camera,completed,2026-02-17T00:00:00.000Z,2026-03-15T04:21:38.251Z,,2026-03-15T04:21:38.421Z,bl94ZG5wdmpkeEFBOUpTVA
Install NVMe Drive in AMS Desktop,completed,2025-12-17T00:00:00.000Z,2025-12-19T09:34:08.929Z,,2025-12-19T09:34:09.485Z,UUpDa1BpRGdBWllseWpRNg
AMS Plex Server - Disk drive upgrade,completed,2025-12-17T00:00:00.000Z,2025-12-17T15:22:14.463Z,Which power supply?,2025-12-17T15:22:15.212Z,NkJDNThGVGZsckZBbmNFSA
Apple Vision Pro Orders - VR2 - dual band - Muse,completed,2025-11-20T00:00:00.000Z,2025-12-15T02:15:03.678Z,"VR2 - controllers

Dual band head strap

Muse

https://www.logitech.com/en-us/shop/p/muse-for-apple-vision-pro.914-000099?sp=1&searchclick=Logitech
 
https://www.apple.com/shop/product/HS9U2ZM/A/logitech-muse?fnode=c261cac35eea39052a88119a5326d1a99af46b4c421c8c9676694113c6ab13ca96e852f1c2de5704ab8b41bbd8f443388359f4a4c24b690190ad79006062ec0b7539915b2a615b6ae8b828503098a7b37d369ed58551c8c5a9668ec9b07680c3",2025-12-15T02:15:04.265Z,Y1FmbHRPcnBqRFRRUG40ZQ
Get new iPhone?,completed,2025-11-26T00:00:00.000Z,2025-12-15T02:14:54.245Z,"Storage Upgrade Costs for 512GB ModelsBased on Apple's standard pricing structure (as of September 11, 2025, post-iPhone 17 launch), the cost for the 512GB storage option is an upgrade over the base 256GB for the Pro models and iPhone 17. For the iPhone 16 (base model), the 512GB upgrade is over its base 128GB. The ""four cameras"" refers to the four models we've discussed: iPhone 17 Pro, iPhone 16 Pro, iPhone 17, and iPhone 16. These are the upgrade costs to get 512GB (i.e., the additional amount added to the base model price for that storage tier). Full model prices would be base + upgrade.Note: iPhone 16 prices reflect estimated post-launch discounts (~$100 off original MSRP for 128GB/256GB equivalents). Actual prices may vary by retailer or carrier promotions—check Apple's site or carriers like Verizon/AT&T for exact deals. No taxes or trade-ins included.

Model	
Base Storage & Price (Est. Discounted)	
512GB Upgrade Cost	
Full 512GB Price (Est.)

iPhone 17 Pro	
256GB: $999	
+$200	
$1,199

iPhone 16 Pro	
256GB: ~$899	
+$200	
~$1,099

iPhone 17	
256GB: $799	
+$200	
$999

iPhone 16	
128GB: ~$699	
+$200	
~$899




Why iPhone 17 Pro Is BestThe iPhone 17 Pro delivers the best spatial photos/videos for Vision Pro due to:

    Advanced Cameras: 48MP ultrawide with superior low-light performance (vs. iPhone 16 Pro) ensures crisp 3D in dim scenes (e.g., indoor parties). The 48MP 4x telephoto enables sharp zoomed 3D shots (e.g., concerts), unlike the iPhone 17 or 16.
    A19 Pro Chip: Enhances depth mapping and reduces artifacts for lifelike 3D on Vision Pro’s high-res display.
    Audio: Studio-grade mics with advanced Audio Mix create richer Spatial Audio (e.g., directional voices), maximizing immersion.
    Pro Tools: ProRes RAW/Log 2 support advanced editing for 3D content in Final Cut Pro.
    Battery/Cooling: 33 hours and vapor chamber cooling support long shoots without throttling.

Why iPhone 16 Pro Is SecondThe iPhone 16 Pro is a close runner-up:

    Cameras: Matches the iPhone 17 Pro’s 48MP ultrawide for sharp 3D in good light but lags in low-light detail. The 12MP 5x telephoto supports zoomed 3D, though less sharp than the 17 Pro’s 48MP.
    A18 Pro Chip: Solid depth processing but slightly less precise than A19 Pro in complex scenes.
    Value: $100 cheaper ($899) makes it appealing if low-light or zoomed 3D isn’t critical.

Why iPhone 17 and 16 Are “Decent”

    iPhone 17 ($799): Offers “decent” quality with a 48MP ultrawide (sharper than iPhone 16’s 12MP) and A19 chip for good depth, but lacks telephoto for zoomed 3D. Great for well-lit scenes (e.g., family moments).
    iPhone 16 (~$699): Also “decent” but weakest due to 12MP ultrawide, which softens 3D details on Vision Pro. No telephoto, 60Hz display, and shorter battery (22 hours) limit it for enthusiasts.

Recommendation: iPhone 17 Pro ($999)For the best spatial photos and videos, go with the iPhone 17 Pro. Its advanced 48MP ultrawide, 48MP telephoto, A19 Pro chip, and pro editing tools deliver the sharpest, most immersive 3D content for Vision Pro, especially in low light or for zoomed shots. The $100 premium over the iPhone 16 Pro ($899) is worth it for superior low-light performance, sharper zoomed 3D, and future-proofing (e.g., visionOS 26 updates).If the $100 difference is significant, the iPhone 16 Pro is nearly as good in good lighting and offers great value, especially with discounts. For “decent” quality, the iPhone 17 ($799) outperforms the iPhone 16 (~$699) due to its 48MP ultrawide and 120Hz display, but both lag behind the Pro models for top-tier 3D.",2025-12-15T02:14:54.574Z,VEthMGhydjF4bldHdDRQaQ
"Making ""MyWebsiteGIT"" more portable",completed,2025-11-23T00:00:00.000Z,2025-11-24T18:23:25.177Z,"Making ""MyWebsiteGIT"" more portable

Minor issues (one just a echo/comment - the other ... )


/Users/dennishmathes/Documents/MyWebsiteGIT/Scripts/get-clone                             ----- echo cd ~/Documents/MyWebsiteGIT/
/Users/dennishmathes/Documents/MyWebsiteGIT/Scripts/checkpoint-restore                    ----- cd /Users/dennishmathes/Documents/MyWebsiteGIT/Scripts


Real issue:

/Users/dennishmathes/Documents/MyWebsiteGIT/Scripts/dms_util/dms_init.py
/Users/dennishmathes/Documents/MyWebsiteGIT/Scripts/dms_util/dms_apply.py
/Users/dennishmathes/Documents/MyWebsiteGIT/Scripts/dms_util/dms_review.py
/Users/dennishmathes/Documents/MyWebsiteGIT/Scripts/dms_util/dms_render.py
/Users/dennishmathes/Documents/MyWebsiteGIT/Scripts/dms
/Users/dennishmathes/Documents/MyWebsiteGIT/Scripts/dms_menu.py

/Users/dennishmathes/Documents/MyWebsiteGIT/LLM/Doc/index.html                             ----- SCRIPTS_DIR = Path.home() / ""Documents/MyWebsiteGIT/Scripts""
/Users/dennishmathes/Documents/MyWebsiteGIT/Scripts/Doc/index.html                       --------- SCRIPTS_DIR = Path.home() / ""Documents/MyWebsiteGIT/Scripts""",2025-11-24T18:23:25.555Z,UmtqS0xWRGJwZFlFX1FrTg
Apply for REAL ID Driver's License,completed,2025-11-21T00:00:00.000Z,2025-11-23T16:23:26.399Z,,2025-11-23T16:23:26.935Z,aXFYcWdJYWE5TnhyZzRMYw
Your State Farm Personal Articles renewal is available.,completed,2025-11-07T00:00:00.000Z,2025-11-08T18:12:38.588Z,,2025-11-08T18:12:38.913Z,VWw0VXkxbTVHRDhvZFpIMA
Get vanilla,completed,2025-10-13T00:00:00.000Z,2025-10-22T08:07:03.003Z,,2025-10-22T08:07:03.474Z,MnZRWkZtTDhTRGJKS3BxRg
Change passwords,completed,2025-10-17T00:00:00.000Z,2025-10-22T08:06:47.422Z,"See list ....
 
Change odido.nl password
Laura's Facebook from AMS 
ncl.com - Laura?
ziggo.nl - w67b - dhmziggo
ziggo.nl - s103a - dennyrgood@yahoo.com
 
TEMU - I need Laura's ljm google account
AmericanziemeLJM - I need later",2025-10-22T08:06:47.892Z,bWdRc3V3NkpuQzY1ektwdQ
"Update 8079 cc to new number for netflix, google, etc",completed,2025-10-18T00:00:00.000Z,2025-10-19T13:45:04.029Z,,2025-10-19T13:45:04.436Z,WENvLTU4WkhLUHgwSnVaWQ
Book GC Bag Check,completed,2025-09-23T00:00:00.000Z,2025-09-24T06:26:41.539Z,,2025-09-24T06:26:41.821Z,MWZFTmFVcXRpeWxXLS1BeA
Bericht van uw Benu apotheek,completed,2025-09-13T00:00:00.000Z,2025-09-20T18:13:41.393Z,,2025-09-20T18:13:41.638Z,bVpVOHRUNDdSNzJNbU1DLQ
Move 250 jt to Lila Car - replace last of 850 borrowed,completed,2025-09-17T00:00:00.000Z,2025-09-17T22:05:57.213Z,,2025-09-17T22:05:57.471Z,Xy1kRF92SnVoQ3cyaVpiQw
3D Prints for GC,completed,2025-08-23T00:00:00.000Z,2025-09-11T14:58:07.696Z,"napkin holder 16x16x6 (8?), pull out couch repair parts

2x 27.5 outer dim, 8 (19+17/2 deep, 19(20)inner dim, 8(10) deep",2025-09-11T14:58:10.238Z,SHhRdmUxNjd5bVJJS2JpOA
System Collapse (2023) - Martha Wells - read,completed,2025-06-20T00:00:00.000Z,2025-09-06T08:13:22.653Z,,2025-09-06T08:13:25.118Z,czE2SllYSVdYcHpqalFQRw
"Marsha Linehan, a psychologist and author, developed Dialectical Behavior Therapy (DBT) ",completed,2025-08-08T00:00:00.000Z,2025-08-20T12:51:38.321Z,,2025-08-20T12:51:38.546Z,WHF0NnY2Y3p0ZXU4ZmctZw
Call Orrstown - 888 846 1970,completed,2025-08-19T00:00:00.000Z,2025-08-19T14:42:24.136Z,,2025-08-19T14:42:24.534Z,TEI0TGpoT1JxaUZKQlExUg
Is Good Fortune on list?,completed,2025-08-02T00:00:00.000Z,2025-08-19T14:12:01.542Z,,2025-08-19T14:12:01.814Z,b0dkNHl5aDdIbnFrZWxSQw
Create google photos albums 2024 08 forward,completed,2025-06-16T00:00:00.000Z,2025-08-19T14:11:34.895Z,,2025-08-19T14:11:35.192Z,Nm5ZaFBZcmpudmhNQ1MxLQ
"Upload to Google Photo - April 19, 2025 to now",completed,2025-06-16T00:00:00.000Z,2025-08-19T11:14:31.091Z,,2025-08-19T11:14:31.371Z,TDAzRmoyR291ZU1lT3JHRQ
CHECKLIST FOR COMPLIANCY,completed,2025-08-15T00:00:00.000Z,2025-08-18T11:57:27.086Z,"CHECKLIST FOR COMPLIANCY
Lastly, please find below an overview of the documents that your company in the Netherlands will legally need to store onsite in case the Labour Inspectorate or the IND carries out an inspection:
 Copy valid passport (bio page)
 Copy Residence Permit card (front- and backside)
 Copy certificate of the registration at the Dutch Chamber of Commerce (in Dutch: uittreksel Handelsregister/ Kamer van Koophandel)
 Copy Bank statement
 BSN (BurgerServiceNummer/ social fiscal number)
 Copy insurance ",2025-08-18T11:57:27.325Z,MTE0S0Z3Tk9SMHZaekozYg
Talk about Dentist with Laura,completed,2025-07-30T00:00:00.000Z,2025-08-09T08:38:47.503Z,,2025-08-09T08:38:47.765Z,bjNxOXBVZzljZzNQMmVvdw
Chiro --- Healthcare $$ ?????,completed,2025-08-07T00:00:00.000Z,2025-08-09T08:38:43.979Z,,2025-08-09T08:38:44.357Z,MVJvcEFVbFhVODk2N2lOTg
MenB shots,completed,2025-07-24T00:00:00.000Z,2025-07-25T15:55:53.856Z,,2025-07-25T15:55:54.270Z,VFhmUVJQd1BETHhfT2I2cA
Invoice EMG2025-0603 from Expat Management Group B.V.,completed,2025-07-01T00:00:00.000Z,2025-07-02T11:27:38.647Z,,2025-07-02T11:27:39.024Z,T1AwbTJ0cjVpNkxNSGxWVw
FInish getting Spuistraat ready,completed,2025-06-18T00:00:00.000Z,2025-06-18T15:43:52.353Z,,2025-06-18T15:43:54.781Z,amQ0Y3J4blJpYkt4YUk3TA
Coloscopy every five years - Last 2/12/2020,completed,2025-06-09T00:00:00.000Z,2025-06-02T15:44:25.471Z,,2025-06-02T15:44:25.864Z,TC1jRDRpaTk0eXNLay1kOA
