"category","sub_folder","filename","extension","size_gb","size_mb","size_bytes","file_date","full_path","relative_path"
"checkpoints","FLUX","flux1-dev-fp8.safetensors","safetensors","16.062","16447.6","17246524772","2026-01-12 14:58","C:\ComfyUI_Models\models\checkpoints\FLUX\flux1-dev-fp8.safetensors","checkpoints\FLUX\flux1-dev-fp8.safetensors"
"checkpoints","","hunyuan_3d_v2.1.safetensors","safetensors","6.86","7024.7","7365943290","2026-02-09 20:20","C:\ComfyUI_Models\models\checkpoints\hunyuan_3d_v2.1.safetensors","checkpoints\hunyuan_3d_v2.1.safetensors"
"checkpoints","","hunyuan3d-dit-v2-mv-turbo.safetensors","safetensors","4.59","4699.9","4928151562","2026-02-10 01:38","C:\ComfyUI_Models\models\checkpoints\hunyuan3d-dit-v2-mv-turbo.safetensors","checkpoints\hunyuan3d-dit-v2-mv-turbo.safetensors"
"checkpoints","","Qwen-Rapid-AIO-NSFW-v22.safetensors","safetensors","26.479","27114.7","28431839775","2026-01-26 21:17","C:\ComfyUI_Models\models\checkpoints\Qwen-Rapid-AIO-NSFW-v22.safetensors","checkpoints\Qwen-Rapid-AIO-NSFW-v22.safetensors"
"checkpoints","","realisticVisionV51_v51VAE.safetensors","safetensors","1.986","2033.8","2132625894","2026-01-17 15:38","C:\ComfyUI_Models\models\checkpoints\realisticVisionV51_v51VAE.safetensors","checkpoints\realisticVisionV51_v51VAE.safetensors"
"checkpoints","SD1.5","dreamshaper_8.safetensors","safetensors","1.986","2033.8","2132625894","2026-01-02 17:34","C:\ComfyUI_Models\models\checkpoints\SD1.5\dreamshaper_8.safetensors","checkpoints\SD1.5\dreamshaper_8.safetensors"
"checkpoints","SD1.5","juggernaut_reborn.safetensors","safetensors","1.986","2033.9","2132653060","2026-01-10 14:44","C:\ComfyUI_Models\models\checkpoints\SD1.5\juggernaut_reborn.safetensors","checkpoints\SD1.5\juggernaut_reborn.safetensors"
"checkpoints","SD3","sd3_medium.safetensors","safetensors","4.04","4136.7","4337667306","2026-01-12 21:31","C:\ComfyUI_Models\models\checkpoints\SD3\sd3_medium.safetensors","checkpoints\SD3\sd3_medium.safetensors"
"checkpoints","SDXL","albedobaseXL_v21.safetensors","safetensors","6.462","6616.6","6938041042","2026-01-18 15:23","C:\ComfyUI_Models\models\checkpoints\SDXL\albedobaseXL_v21.safetensors","checkpoints\SDXL\albedobaseXL_v21.safetensors"
"checkpoints","SDXL","Juggernaut_X_RunDiffusion.safetensors","safetensors","6.617","6776.2","7105348672","2026-01-12 19:05","C:\ComfyUI_Models\models\checkpoints\SDXL\Juggernaut_X_RunDiffusion.safetensors","checkpoints\SDXL\Juggernaut_X_RunDiffusion.safetensors"
"checkpoints","SDXL","sd_xl_base_1.0.safetensors","safetensors","6.462","6616.7","6938078334","2025-11-26 23:54","C:\ComfyUI_Models\models\checkpoints\SDXL\sd_xl_base_1.0.safetensors","checkpoints\SDXL\sd_xl_base_1.0.safetensors"
"checkpoints","SDXL_Turbo","sd_xl_turbo_1.0.safetensors","safetensors","12.923","13233","13875761366","2026-01-01 13:52","C:\ComfyUI_Models\models\checkpoints\SDXL_Turbo\sd_xl_turbo_1.0.safetensors","checkpoints\SDXL_Turbo\sd_xl_turbo_1.0.safetensors"
"checkpoints","Z-image","z-image-turbo-fp8-aio.safetensors","safetensors","9.635","9865.9","10345190658","2026-01-20 21:30","C:\ComfyUI_Models\models\checkpoints\Z-image\z-image-turbo-fp8-aio.safetensors","checkpoints\Z-image\z-image-turbo-fp8-aio.safetensors"
"clip","","EVA02_CLIP_L_336_psz14_s6B.pt","pt","0.798","816.8","856461210","2026-01-14 22:48","C:\ComfyUI_Models\models\clip\EVA02_CLIP_L_336_psz14_s6B.pt","clip\EVA02_CLIP_L_336_psz14_s6B.pt"
"clip_vision","","CLIP-ViT-H-14-laion2B-s32B-b79K.safetensors","safetensors","3.436","3519","3689912664","2026-01-15 01:43","C:\ComfyUI_Models\models\clip_vision\CLIP-ViT-H-14-laion2B-s32B-b79K.safetensors","clip_vision\CLIP-ViT-H-14-laion2B-s32B-b79K.safetensors"
"clip_vision","","CLIP-ViT-H-14-openclip.safetensors","safetensors","3.674","3761.8","3944517836","2026-01-17 15:58","C:\ComfyUI_Models\models\clip_vision\CLIP-ViT-H-14-openclip.safetensors","clip_vision\CLIP-ViT-H-14-openclip.safetensors"
"clip_vision","","ip-adapter-plus_sdxl_vit-h.safetensors","safetensors","0.789","808.3","847517512","2026-01-15 02:02","C:\ComfyUI_Models\models\clip_vision\ip-adapter-plus_sdxl_vit-h.safetensors","clip_vision\ip-adapter-plus_sdxl_vit-h.safetensors"
"clip_vision","","open_clip_model.safetensors","safetensors","3.674","3761.8","3944517836","2026-01-17 15:58","C:\ComfyUI_Models\models\clip_vision\open_clip_model.safetensors","clip_vision\open_clip_model.safetensors"
"clip_vision","","open_clip_pytorch_model.bin","bin","3.674","3762","3944692325","2026-01-15 02:32","C:\ComfyUI_Models\models\clip_vision\open_clip_pytorch_model.bin","clip_vision\open_clip_pytorch_model.bin"
"controlnet","","control_v11f1p_sd15_depth.pth","pth","1.346","1378.3","1445235365","2026-01-09 21:28","C:\ComfyUI_Models\models\controlnet\control_v11f1p_sd15_depth.pth","controlnet\control_v11f1p_sd15_depth.pth"
"controlnet","sd1.5","control_v11f1p_sd15_depth_fp16.safetensors","safetensors","0.673","689.1","722601100","2026-01-20 21:03","C:\ComfyUI_Models\models\controlnet\sd1.5\control_v11f1p_sd15_depth_fp16.safetensors","controlnet\sd1.5\control_v11f1p_sd15_depth_fp16.safetensors"
"controlnet","sd1.5","control_v11p_sd15_canny_fp16.safetensors","safetensors","0.673","689.1","722601100","2026-01-20 21:03","C:\ComfyUI_Models\models\controlnet\sd1.5\control_v11p_sd15_canny_fp16.safetensors","controlnet\sd1.5\control_v11p_sd15_canny_fp16.safetensors"
"controlnet","sd1.5","control_v11p_sd15_openpose_fp16.safetensors","safetensors","0.673","689.1","722601100","2026-01-20 21:03","C:\ComfyUI_Models\models\controlnet\sd1.5\control_v11p_sd15_openpose_fp16.safetensors","controlnet\sd1.5\control_v11p_sd15_openpose_fp16.safetensors"
"diffusion_models","FLUX","flux1-dev.safetensors","safetensors","22.168","22700.2","23802932552","2026-01-12 14:59","C:\ComfyUI_Models\models\diffusion_models\FLUX\flux1-dev.safetensors","diffusion_models\FLUX\flux1-dev.safetensors"
"diffusion_models","FLUX_Fill","flux1-fill-dev.safetensors","safetensors","22.17","22702.1","23804922408","2026-01-11 15:34","C:\ComfyUI_Models\models\diffusion_models\FLUX_Fill\flux1-fill-dev.safetensors","diffusion_models\FLUX_Fill\flux1-fill-dev.safetensors"
"diffusion_models","FLUX1_Kontext","flux1-kontext-dev.safetensors","safetensors","22.168","22700.3","23802947360","2026-01-14 15:35","C:\ComfyUI_Models\models\diffusion_models\FLUX1_Kontext\flux1-kontext-dev.safetensors","diffusion_models\FLUX1_Kontext\flux1-kontext-dev.safetensors"
"diffusion_models","FLUX1_Kontext","flux1-kontext-dev-fp8-e4m3fn.safetensors","safetensors","11.084","11350.2","11901540704","2026-01-16 14:30","C:\ComfyUI_Models\models\diffusion_models\FLUX1_Kontext\flux1-kontext-dev-fp8-e4m3fn.safetensors","diffusion_models\FLUX1_Kontext\flux1-kontext-dev-fp8-e4m3fn.safetensors"
"diffusion_models","FLUX2","flux2_dev_fp8mixed.safetensors","safetensors","33.021","33813.1","35455599592","2026-01-01 14:52","C:\ComfyUI_Models\models\diffusion_models\FLUX2\flux2_dev_fp8mixed.safetensors","diffusion_models\FLUX2\flux2_dev_fp8mixed.safetensors"
"diffusion_models","FLUX2","flux-2-klein-4b-fp8.safetensors","safetensors","3.791","3882.1","4070624520","2026-02-09 23:27","C:\ComfyUI_Models\models\diffusion_models\FLUX2\flux-2-klein-4b-fp8.safetensors","diffusion_models\FLUX2\flux-2-klein-4b-fp8.safetensors"
"diffusion_models","FLUX2","flux-2-klein-9b-fp8mixed.safetensors","safetensors","8.785","8996.1","9433065776","2026-02-09 23:38","C:\ComfyUI_Models\models\diffusion_models\FLUX2\flux-2-klein-9b-fp8mixed.safetensors","diffusion_models\FLUX2\flux-2-klein-9b-fp8mixed.safetensors"
"diffusion_models","FLUX2","flux-2-klein-9b-kv-fp8.safetensors","safetensors","9.145","9364.1","9818935984","2026-03-18 20:35","C:\ComfyUI_Models\models\diffusion_models\FLUX2\flux-2-klein-9b-kv-fp8.safetensors","diffusion_models\FLUX2\flux-2-klein-9b-kv-fp8.safetensors"
"diffusion_models","FLUX2","flux-2-klein-base-9b.safetensors","safetensors","16.91","17316","18157185168","2026-03-10 00:17","C:\ComfyUI_Models\models\diffusion_models\FLUX2\flux-2-klein-base-9b.safetensors","diffusion_models\FLUX2\flux-2-klein-base-9b.safetensors"
"diffusion_models","FLUX2","flux-2-klein-base-9b-fp8.safetensors","safetensors","8.91","9124.1","9567278472","2026-03-10 00:05","C:\ComfyUI_Models\models\diffusion_models\FLUX2\flux-2-klein-base-9b-fp8.safetensors","diffusion_models\FLUX2\flux-2-klein-base-9b-fp8.safetensors"
"diffusion_models","Qwen2509","qwen_image_edit_2509_fp8_e4m3fn.safetensors","safetensors","19.028","19484.2","20430698424","2026-01-23 19:15","C:\ComfyUI_Models\models\diffusion_models\Qwen2509\qwen_image_edit_2509_fp8_e4m3fn.safetensors","diffusion_models\Qwen2509\qwen_image_edit_2509_fp8_e4m3fn.safetensors"
"diffusion_models","Qwen2509","Qwen-Image-Edit-2509-Q6_K.gguf","gguf","15.669","16045.6","16824990240","2026-01-23 19:33","C:\ComfyUI_Models\models\diffusion_models\Qwen2509\Qwen-Image-Edit-2509-Q6_K.gguf","diffusion_models\Qwen2509\Qwen-Image-Edit-2509-Q6_K.gguf"
"diffusion_models","Qwen2509","qwen-image-edit-2511-Q8_0.gguf","gguf","20.267","20753.7","21761817184","2026-01-26 20:43","C:\ComfyUI_Models\models\diffusion_models\Qwen2509\qwen-image-edit-2511-Q8_0.gguf","diffusion_models\Qwen2509\qwen-image-edit-2511-Q8_0.gguf"
"diffusion_models","Z-Image","z_image_bf16.safetensors","safetensors","11.464","11739.6","12309866400","2026-01-30 16:22","C:\ComfyUI_Models\models\diffusion_models\Z-Image\z_image_bf16.safetensors","diffusion_models\Z-Image\z_image_bf16.safetensors"
"diffusion_models","Z-Image","z_image_turbo_bf16.safetensors","safetensors","11.464","11739.6","12309866400","2026-01-11 14:27","C:\ComfyUI_Models\models\diffusion_models\Z-Image\z_image_turbo_bf16.safetensors","diffusion_models\Z-Image\z_image_turbo_bf16.safetensors"
"diffusion_models","Z-Image","z-image-turbo_fp8_scaled_e5m2_KJ.safetensors","safetensors","5.735","5872.8","6158115074","2026-01-20 21:36","C:\ComfyUI_Models\models\diffusion_models\Z-Image\z-image-turbo_fp8_scaled_e5m2_KJ.safetensors","diffusion_models\Z-Image\z-image-turbo_fp8_scaled_e5m2_KJ.safetensors"
"diffusion_models","Z-Image","z-image-turbo-q4_k_s.gguf","gguf","4.038","4134.4","4335245376","2026-01-20 21:48","C:\ComfyUI_Models\models\diffusion_models\Z-Image\z-image-turbo-q4_k_s.gguf","diffusion_models\Z-Image\z-image-turbo-q4_k_s.gguf"
"dreamomni2","","model.safetensors","safetensors","5.494","5626.3","5899606704","2026-01-15 12:30","C:\ComfyUI_Models\models\dreamomni2\model.safetensors","dreamomni2\model.safetensors"
"facexlib","","detection_Resnet50_Final.pth","pth","0.102","104.4","109497761","2026-01-15 00:18","C:\ComfyUI_Models\models\facexlib\detection_Resnet50_Final.pth","facexlib\detection_Resnet50_Final.pth"
"facexlib","","parsing_bisenet.pth","pth","0.05","50.8","53289463","2026-01-15 00:18","C:\ComfyUI_Models\models\facexlib\parsing_bisenet.pth","facexlib\parsing_bisenet.pth"
"facexllib","","detection_Resnet50_Final.pth","pth","0.102","104.4","109497761","2026-01-14 23:10","C:\ComfyUI_Models\models\facexllib\detection_Resnet50_Final.pth","facexllib\detection_Resnet50_Final.pth"
"facexllib","","parsing_bisenet.pth","pth","0.05","50.8","53289463","2026-01-14 23:10","C:\ComfyUI_Models\models\facexllib\parsing_bisenet.pth","facexllib\parsing_bisenet.pth"
"facexllib","","parsing_parsenet.pth","pth","0.079","81.4","85331193","2026-01-14 23:10","C:\ComfyUI_Models\models\facexllib\parsing_parsenet.pth","facexllib\parsing_parsenet.pth"
"ipadapter - Copy","","ip-adapter-faceid-plusv2_sd15.bin","bin","0.146","149.3","156558509","2026-01-17 15:43","C:\ComfyUI_Models\models\ipadapter - Copy\ip-adapter-faceid-plusv2_sd15.bin","ipadapter - Copy\ip-adapter-faceid-plusv2_sd15.bin"
"ipadapter - Copy","","ip-adapter-faceid-plusv2_sdxl.bin","bin","1.385","1418.6","1487555181","2026-01-17 16:34","C:\ComfyUI_Models\models\ipadapter - Copy\ip-adapter-faceid-plusv2_sdxl.bin","ipadapter - Copy\ip-adapter-faceid-plusv2_sdxl.bin"
"ipadapter - Copy","","ip-adapter-plus-face_sd15.safetensors","safetensors","0.091","93.6","98183288","2026-01-17 16:05","C:\ComfyUI_Models\models\ipadapter - Copy\ip-adapter-plus-face_sd15.safetensors","ipadapter - Copy\ip-adapter-plus-face_sd15.safetensors"
"ipadapter","","ip-adapter-faceid_sdxl.bin","bin","0.998","1021.5","1071149741","2026-01-18 15:47","C:\ComfyUI_Models\models\ipadapter\ip-adapter-faceid_sdxl.bin","ipadapter\ip-adapter-faceid_sdxl.bin"
"liveportrait","","appearance_feature_extractor.safetensors","safetensors","0.003","3.2","3361936","2026-01-16 23:09","C:\ComfyUI_Models\models\liveportrait\appearance_feature_extractor.safetensors","liveportrait\appearance_feature_extractor.safetensors"
"liveportrait","","motion_extractor.safetensors","safetensors","0.105","107.3","112496256","2026-01-16 23:09","C:\ComfyUI_Models\models\liveportrait\motion_extractor.safetensors","liveportrait\motion_extractor.safetensors"
"liveportrait","","spade_generator.safetensors","safetensors","0.207","211.5","221771768","2026-01-16 23:09","C:\ComfyUI_Models\models\liveportrait\spade_generator.safetensors","liveportrait\spade_generator.safetensors"
"liveportrait","","stitching_retargeting_module.safetensors","safetensors","0.001","0.9","911836","2026-01-16 23:09","C:\ComfyUI_Models\models\liveportrait\stitching_retargeting_module.safetensors","liveportrait\stitching_retargeting_module.safetensors"
"liveportrait","","warping_module.safetensors","safetensors","0.17","173.7","182158564","2026-01-16 23:09","C:\ComfyUI_Models\models\liveportrait\warping_module.safetensors","liveportrait\warping_module.safetensors"
"LLM","GGUF","llama-joycaption-beta-one-hf-llava.IQ4_XS.gguf","gguf","4.176","4276.6","4484364960","2026-02-04 20:17","C:\ComfyUI_Models\models\LLM\GGUF\llama-joycaption-beta-one-hf-llava.IQ4_XS.gguf","LLM\GGUF\llama-joycaption-beta-one-hf-llava.IQ4_XS.gguf"
"LLM","GGUF","llama-joycaption-beta-one-llava-mmproj-model-f16.gguf","gguf","0.817","837.1","877771808","2026-02-04 20:18","C:\ComfyUI_Models\models\LLM\GGUF\llama-joycaption-beta-one-llava-mmproj-model-f16.gguf","LLM\GGUF\llama-joycaption-beta-one-llava-mmproj-model-f16.gguf"
"LLM","llama-joycaption-alpha-two","model-00001-of-00004.safetensors","safetensors","4.576","4685.7","4913321520","2026-02-04 20:05","C:\ComfyUI_Models\models\LLM\llama-joycaption-alpha-two\model-00001-of-00004.safetensors","LLM\llama-joycaption-alpha-two\model-00001-of-00004.safetensors"
"LLM","llama-joycaption-alpha-two","model-00002-of-00004.safetensors","safetensors","4.656","4768.2","4999820888","2026-02-04 20:05","C:\ComfyUI_Models\models\LLM\llama-joycaption-alpha-two\model-00002-of-00004.safetensors","LLM\llama-joycaption-alpha-two\model-00002-of-00004.safetensors"
"LLM","llama-joycaption-alpha-two","model-00003-of-00004.safetensors","safetensors","4.578","4688.2","4915917680","2026-02-04 20:05","C:\ComfyUI_Models\models\LLM\llama-joycaption-alpha-two\model-00003-of-00004.safetensors","LLM\llama-joycaption-alpha-two\model-00003-of-00004.safetensors"
"LLM","llama-joycaption-alpha-two","model-00004-of-00004.safetensors","safetensors","2.822","2890.1","3030480272","2026-02-04 19:55","C:\ComfyUI_Models\models\LLM\llama-joycaption-alpha-two\model-00004-of-00004.safetensors","LLM\llama-joycaption-alpha-two\model-00004-of-00004.safetensors"
"LLM","llama-joycaption-beta-one","model-00001-of-00004.safetensors","safetensors","4.551","4660","4886313648","2026-02-04 20:43","C:\ComfyUI_Models\models\LLM\llama-joycaption-beta-one\model-00001-of-00004.safetensors","LLM\llama-joycaption-beta-one\model-00001-of-00004.safetensors"
"LLM","llama-joycaption-beta-one","model-00002-of-00004.safetensors","safetensors","4.656","4768.2","4999820904","2026-02-04 20:43","C:\ComfyUI_Models\models\LLM\llama-joycaption-beta-one\model-00002-of-00004.safetensors","LLM\llama-joycaption-beta-one\model-00002-of-00004.safetensors"
"LLM","llama-joycaption-beta-one","model-00003-of-00004.safetensors","safetensors","4.578","4688.2","4915917680","2026-02-04 20:43","C:\ComfyUI_Models\models\LLM\llama-joycaption-beta-one\model-00003-of-00004.safetensors","LLM\llama-joycaption-beta-one\model-00003-of-00004.safetensors"
"LLM","llama-joycaption-beta-one","model-00004-of-00004.safetensors","safetensors","2.01","2058.1","2158029896","2026-02-04 20:34","C:\ComfyUI_Models\models\LLM\llama-joycaption-beta-one\model-00004-of-00004.safetensors","LLM\llama-joycaption-beta-one\model-00004-of-00004.safetensors"
"loras","","faceid_sd15_lora.safetensors","safetensors","0.048","48.7","51059544","2026-01-17 15:47","C:\ComfyUI_Models\models\loras\faceid_sd15_lora.safetensors","loras\faceid_sd15_lora.safetensors"
"loras","FLUX","claymation-000012.safetensors","safetensors","0.018","18.4","19267000","2026-01-12 14:13","C:\ComfyUI_Models\models\loras\FLUX\claymation-000012.safetensors","loras\FLUX\claymation-000012.safetensors"
"loras","FLUX","dreamomni2_edit_lora.safetensors","safetensors","1.338","1369.6","1436153968","2026-01-15 13:52","C:\ComfyUI_Models\models\loras\FLUX\dreamomni2_edit_lora.safetensors","loras\FLUX\dreamomni2_edit_lora.safetensors"
"loras","FLUX","dreamomni2_gen_lora.safetensors","safetensors","1.338","1369.6","1436153968","2026-01-15 13:45","C:\ComfyUI_Models\models\loras\FLUX\dreamomni2_gen_lora.safetensors","loras\FLUX\dreamomni2_gen_lora.safetensors"
"loras","FLUX","Flux Color Pop Sketch LoRA_v1.0.safetensors","safetensors","0.285","292.2","306426864","2026-01-16 18:42","C:\ComfyUI_Models\models\loras\FLUX\Flux Color Pop Sketch LoRA_v1.0.safetensors","loras\FLUX\Flux Color Pop Sketch LoRA_v1.0.safetensors"
"loras","FLUX","FLUX.1-Turbo-Alpha.safetensors","safetensors","0.646","661.9","694082424","2026-01-15 11:47","C:\ComfyUI_Models\models\loras\FLUX\FLUX.1-Turbo-Alpha.safetensors","loras\FLUX\FLUX.1-Turbo-Alpha.safetensors"
"loras","FLUX","Master-Claymation.safetensors","safetensors","0.571","584.4","612747224","2026-01-12 14:18","C:\ComfyUI_Models\models\loras\FLUX\Master-Claymation.safetensors","loras\FLUX\Master-Claymation.safetensors"
"loras","FLUX2","Flux_2-Turbo-LoRA_comfyui.safetensors","safetensors","2.571","2632.9","2760814880","2026-03-09 21:08","C:\ComfyUI_Models\models\loras\FLUX2\Flux_2-Turbo-LoRA_comfyui.safetensors","loras\FLUX2\Flux_2-Turbo-LoRA_comfyui.safetensors"
"loras","FLUX2","flux2_berthe_morisot.safetensors","safetensors","0.363","372","390112256","2026-01-01 15:12","C:\ComfyUI_Models\models\loras\FLUX2\flux2_berthe_morisot.safetensors","loras\FLUX2\flux2_berthe_morisot.safetensors"
"loras","FLUX2","Flux2TurboComfyv2.safetensors","safetensors","2.571","2632.9","2760814872","2026-03-09 21:10","C:\ComfyUI_Models\models\loras\FLUX2\Flux2TurboComfyv2.safetensors","loras\FLUX2\Flux2TurboComfyv2.safetensors"
"loras","FLUX2","flux-outpaint-lora.safetensors","safetensors","0.071","72.5","76038936","2026-02-11 20:59","C:\ComfyUI_Models\models\loras\FLUX2\flux-outpaint-lora.safetensors","loras\FLUX2\flux-outpaint-lora.safetensors"
"loras","FLUX2Klien9b","flux-2-klein-9B-360-erp-outpaint-lora_V1.safetensors","safetensors","0.077","79","82867136","2026-03-09 23:05","C:\ComfyUI_Models\models\loras\FLUX2Klien9b\flux-2-klein-9B-360-erp-outpaint-lora_V1.safetensors","loras\FLUX2Klien9b\flux-2-klein-9B-360-erp-outpaint-lora_V1.safetensors"
"loras","FLUX2Klien9b","Klein-consistency.safetensors","safetensors","0.309","316","331379600","2026-03-22 15:12","C:\ComfyUI_Models\models\loras\FLUX2Klien9b\Klein-consistency.safetensors","loras\FLUX2Klien9b\Klein-consistency.safetensors"
"loras","","ip-adapter-faceid_sd15_lora.safetensors","safetensors","0.048","48.7","51059544","2026-01-17 15:47","C:\ComfyUI_Models\models\loras\ip-adapter-faceid_sd15_lora.safetensors","loras\ip-adapter-faceid_sd15_lora.safetensors"
"loras","","ip-adapter-faceid-plusv2_sd15_lora.safetensors","safetensors","0.048","48.7","51059544","2026-01-17 16:03","C:\ComfyUI_Models\models\loras\ip-adapter-faceid-plusv2_sd15_lora.safetensors","loras\ip-adapter-faceid-plusv2_sd15_lora.safetensors"
"loras","","ip-adapter-faceid-plusv2_sdxl_lora.safetensors","safetensors","0.346","354.6","371842896","2026-01-17 16:34","C:\ComfyUI_Models\models\loras\ip-adapter-faceid-plusv2_sdxl_lora.safetensors","loras\ip-adapter-faceid-plusv2_sdxl_lora.safetensors"
"loras","Qwen Image Edit 2511","Qwen-Image-Edit-2511-Lightning-4steps-V1.0-bf16.safetensors","safetensors","0.791","810.2","849608296","2026-01-26 20:56","C:\ComfyUI_Models\models\loras\Qwen Image Edit 2511\Qwen-Image-Edit-2511-Lightning-4steps-V1.0-bf16.safetensors","loras\Qwen Image Edit 2511\Qwen-Image-Edit-2511-Lightning-4steps-V1.0-bf16.safetensors"
"loras","Qwen2509","Qwen-Image-Lightning-4steps-V2.0.safetensors","safetensors","1.582","1620.2","1698951104","2026-01-23 19:11","C:\ComfyUI_Models\models\loras\Qwen2509\Qwen-Image-Lightning-4steps-V2.0.safetensors","loras\Qwen2509\Qwen-Image-Lightning-4steps-V2.0.safetensors"
"loras","SD1.5","blindbox_v1_mix.safetensors","safetensors","0.141","144.1","151108831","2026-01-02 17:34","C:\ComfyUI_Models\models\loras\SD1.5\blindbox_v1_mix.safetensors","loras\SD1.5\blindbox_v1_mix.safetensors"
"loras","SD1.5","CakeStyle.safetensors","safetensors","0.141","144.1","151113840","2026-01-20 20:58","C:\ComfyUI_Models\models\loras\SD1.5\CakeStyle.safetensors","loras\SD1.5\CakeStyle.safetensors"
"loras","SDXL","Aether_Cloud_v1.safetensors","safetensors","0.634","649.7","681247786","2026-01-10 14:36","C:\ComfyUI_Models\models\loras\SDXL\Aether_Cloud_v1.safetensors","loras\SDXL\Aether_Cloud_v1.safetensors"
"loras","SDXL","Aether_Fire_v1_SDXL_LoRA.safetensors","safetensors","0.634","649.7","681247786","2026-01-10 14:36","C:\ComfyUI_Models\models\loras\SDXL\Aether_Fire_v1_SDXL_LoRA.safetensors","loras\SDXL\Aether_Fire_v1_SDXL_LoRA.safetensors"
"loras","SDXL","Caricatures_V2-000007.safetensors","safetensors","0.425","435.4","456498244","2026-01-16 21:54","C:\ComfyUI_Models\models\loras\SDXL\Caricatures_V2-000007.safetensors","loras\SDXL\Caricatures_V2-000007.safetensors"
"loras","SDXL","chahua.safetensors","safetensors","0.159","162.6","170543468","2026-01-16 21:23","C:\ComfyUI_Models\models\loras\SDXL\chahua.safetensors","loras\SDXL\chahua.safetensors"
"loras","SDXL","CLAYMATE_V2.03_.safetensors","safetensors","0.85","870.3","912561180","2026-01-02 16:57","C:\ComfyUI_Models\models\loras\SDXL\CLAYMATE_V2.03_.safetensors","loras\SDXL\CLAYMATE_V2.03_.safetensors"
"loras","SDXL","Coloring_book_-_LineArt.safetensors","safetensors","0.213","217.9","228454084","2026-01-16 22:15","C:\ComfyUI_Models\models\loras\SDXL\Coloring_book_-_LineArt.safetensors","loras\SDXL\Coloring_book_-_LineArt.safetensors"
"loras","SDXL","ColoringBookRedmond-ColoringBook-ColoringBookAF.safetensors","safetensors","0.159","162.6","170540036","2026-01-16 21:43","C:\ComfyUI_Models\models\loras\SDXL\ColoringBookRedmond-ColoringBook-ColoringBookAF.safetensors","loras\SDXL\ColoringBookRedmond-ColoringBook-ColoringBookAF.safetensors"
"loras","SDXL","Da_Vinci-000008.safetensors","safetensors","0.213","217.9","228466156","2026-01-16 22:47","C:\ComfyUI_Models\models\loras\SDXL\Da_Vinci-000008.safetensors","loras\SDXL\Da_Vinci-000008.safetensors"
"loras","SDXL","EldritchCharcoalXL1.1.safetensors","safetensors","0.099","101.8","106733624","2026-01-16 22:07","C:\ComfyUI_Models\models\loras\SDXL\EldritchCharcoalXL1.1.safetensors","loras\SDXL\EldritchCharcoalXL1.1.safetensors"
"loras","SDXL","Glass.safetensors","safetensors","0.634","649.7","681235628","2026-01-10 15:10","C:\ComfyUI_Models\models\loras\SDXL\Glass.safetensors","loras\SDXL\Glass.safetensors"
"loras","SDXL","liujiyou-SDXL.safetensors","safetensors","0.213","217.9","228455028","2026-01-16 21:48","C:\ComfyUI_Models\models\loras\SDXL\liujiyou-SDXL.safetensors","loras\SDXL\liujiyou-SDXL.safetensors"
"loras","SDXL","oil painting.safetensors","safetensors","0.634","649.7","681248108","2026-01-16 21:06","C:\ComfyUI_Models\models\loras\SDXL\oil painting.safetensors","loras\SDXL\oil painting.safetensors"
"loras","SDXL","PixelArtRedmond-Lite64.safetensors","safetensors","0.159","162.6","170540052","2026-01-16 21:37","C:\ComfyUI_Models\models\loras\SDXL\PixelArtRedmond-Lite64.safetensors","loras\SDXL\PixelArtRedmond-Lite64.safetensors"
"loras","Z-Image","claymation_000000384.safetensors","safetensors","0.04","40.6","42577776","2026-01-20 22:37","C:\ComfyUI_Models\models\loras\Z-Image\claymation_000000384.safetensors","loras\Z-Image\claymation_000000384.safetensors"
"loras","Z-Image","pixag1rlwh1t3.safetensors","safetensors","0.079","81.2","85094808","2026-01-20 21:58","C:\ComfyUI_Models\models\loras\Z-Image\pixag1rlwh1t3.safetensors","loras\Z-Image\pixag1rlwh1t3.safetensors"
"loras","Z-Image","z_image_turbo_distill_patch_lora_bf16.safetensors","safetensors","0.148","151.5","158826336","2026-01-11 14:25","C:\ComfyUI_Models\models\loras\Z-Image\z_image_turbo_distill_patch_lora_bf16.safetensors","loras\Z-Image\z_image_turbo_distill_patch_lora_bf16.safetensors"
"model_patches","","Z-Image-Turbo-Fun-Controlnet-Union.safetensors","safetensors","2.889","2957.9","3101572408","2026-01-20 22:08","C:\ComfyUI_Models\models\model_patches\Z-Image-Turbo-Fun-Controlnet-Union.safetensors","model_patches\Z-Image-Turbo-Fun-Controlnet-Union.safetensors"
"pulid","","pulid_flux_v0.9.1.safetensors","safetensors","1.064","1089.2","1142099520","2026-01-14 22:46","C:\ComfyUI_Models\models\pulid\pulid_flux_v0.9.1.safetensors","pulid\pulid_flux_v0.9.1.safetensors"
"RMBG","RMBG-2.0","model.safetensors","safetensors","0.824","843.9","884878856","2026-01-18 14:41","C:\ComfyUI_Models\models\RMBG\RMBG-2.0\model.safetensors","RMBG\RMBG-2.0\model.safetensors"
"sams","","sam_vit_b_01ec64.pth","pth","0.349","357.7","375042383","2026-01-06 17:10","C:\ComfyUI_Models\models\sams\sam_vit_b_01ec64.pth","sams\sam_vit_b_01ec64.pth"
"text_encoders","FLUX_Fill","clip_l.safetensors","safetensors","0.229","234.7","246144152","2026-01-11 15:28","C:\ComfyUI_Models\models\text_encoders\FLUX_Fill\clip_l.safetensors","text_encoders\FLUX_Fill\clip_l.safetensors"
"text_encoders","FLUX_Fill","t5-v1_1-xxl-encoder-Q8_0.gguf","gguf","4.714","4827.1","5061584064","2026-02-10 22:45","C:\ComfyUI_Models\models\text_encoders\FLUX_Fill\t5-v1_1-xxl-encoder-Q8_0.gguf","text_encoders\FLUX_Fill\t5-v1_1-xxl-encoder-Q8_0.gguf"
"text_encoders","FLUX_Fill","t5xxl_fp16.safetensors","safetensors","9.116","9334.4","9787841024","2026-01-11 15:31","C:\ComfyUI_Models\models\text_encoders\FLUX_Fill\t5xxl_fp16.safetensors","text_encoders\FLUX_Fill\t5xxl_fp16.safetensors"
"text_encoders","FLUX2","mistral_3_small_flux2_fp8.safetensors","safetensors","16.796","17199.2","18034640095","2026-01-01 14:48","C:\ComfyUI_Models\models\text_encoders\FLUX2\mistral_3_small_flux2_fp8.safetensors","text_encoders\FLUX2\mistral_3_small_flux2_fp8.safetensors"
"text_encoders","FLUX2","qwen_3_4b.safetensors","safetensors","7.492","7672.3","8044982048","2026-02-10 00:17","C:\ComfyUI_Models\models\text_encoders\FLUX2\qwen_3_4b.safetensors","text_encoders\FLUX2\qwen_3_4b.safetensors"
"text_encoders","FLUX2","qwen_3_8b_fp8mixed.safetensors","safetensors","8.07","8263.4","8664848742","2026-02-10 00:11","C:\ComfyUI_Models\models\text_encoders\FLUX2\qwen_3_8b_fp8mixed.safetensors","text_encoders\FLUX2\qwen_3_8b_fp8mixed.safetensors"
"text_encoders","","Huihui-Qwen3-4B-abliterated-v2_fp8mixed.safetensors","safetensors","4.834","4949.6","5190065212","2026-01-20 21:34","C:\ComfyUI_Models\models\text_encoders\Huihui-Qwen3-4B-abliterated-v2_fp8mixed.safetensors","text_encoders\Huihui-Qwen3-4B-abliterated-v2_fp8mixed.safetensors"
"text_encoders","Qwen2509","qwen_2.5_vl_7b_fp8_scaled.safetensors","safetensors","8.74","8949.9","9384670680","2026-01-23 19:20","C:\ComfyUI_Models\models\text_encoders\Qwen2509\qwen_2.5_vl_7b_fp8_scaled.safetensors","text_encoders\Qwen2509\qwen_2.5_vl_7b_fp8_scaled.safetensors"
"text_encoders","","qwen-4b-zimage-heretic-q8.gguf","gguf","3.986","4082.1","4280404896","2026-01-20 21:50","C:\ComfyUI_Models\models\text_encoders\qwen-4b-zimage-heretic-q8.gguf","text_encoders\qwen-4b-zimage-heretic-q8.gguf"
"text_encoders","SD3","clip_g.safetensors","safetensors","1.294","1325","1389382176","2026-01-12 21:32","C:\ComfyUI_Models\models\text_encoders\SD3\clip_g.safetensors","text_encoders\SD3\clip_g.safetensors"
"text_encoders","SD3","clip_l.safetensors","safetensors","0.229","234.7","246144152","2026-01-12 21:31","C:\ComfyUI_Models\models\text_encoders\SD3\clip_l.safetensors","text_encoders\SD3\clip_l.safetensors"
"text_encoders","SD3","t5xxl_fp8_e4m3fn.safetensors","safetensors","4.558","4667.2","4893934904","2026-01-12 21:41","C:\ComfyUI_Models\models\text_encoders\SD3\t5xxl_fp8_e4m3fn.safetensors","text_encoders\SD3\t5xxl_fp8_e4m3fn.safetensors"
"text_encoders","Z-Image","qwen_3_4b.safetensors","safetensors","7.492","7672.3","8044982048","2026-01-11 14:34","C:\ComfyUI_Models\models\text_encoders\Z-Image\qwen_3_4b.safetensors","text_encoders\Z-Image\qwen_3_4b.safetensors"
"text_encoders","Z-Image","qwen_3_4b_fp4_mixed.safetensors","safetensors","3.24","3318.2","3479416193","2026-01-11 14:33","C:\ComfyUI_Models\models\text_encoders\Z-Image\qwen_3_4b_fp4_mixed.safetensors","text_encoders\Z-Image\qwen_3_4b_fp4_mixed.safetensors"
"text_encoders","Z-Image","qwen_3_4b_fp8_mixed.safetensors","safetensors","5.245","5371.1","5631994051","2026-01-11 14:33","C:\ComfyUI_Models\models\text_encoders\Z-Image\qwen_3_4b_fp8_mixed.safetensors","text_encoders\Z-Image\qwen_3_4b_fp8_mixed.safetensors"
"ultralytics","bbox","face_yolov8m.pt","pt","0.048","49.6","52026019","2026-01-09 21:18","C:\ComfyUI_Models\models\ultralytics\bbox\face_yolov8m.pt","ultralytics\bbox\face_yolov8m.pt"
"ultralytics","bbox","hand_yolov8s.pt","pt","0.021","21.5","22507643","2026-01-09 21:18","C:\ComfyUI_Models\models\ultralytics\bbox\hand_yolov8s.pt","ultralytics\bbox\hand_yolov8s.pt"
"ultralytics","","face_yolov8n.pt","pt","0.006","5.9","6230011","2026-01-16 23:09","C:\ComfyUI_Models\models\ultralytics\face_yolov8n.pt","ultralytics\face_yolov8n.pt"
"ultralytics","segm","person_yolov8m-seg.pt","pt","0.051","52.3","54827683","2026-01-09 21:18","C:\ComfyUI_Models\models\ultralytics\segm\person_yolov8m-seg.pt","ultralytics\segm\person_yolov8m-seg.pt"
"unet","","flux1-fill-dev-Q8_0.gguf","gguf","11.853","12137.4","12727035168","2026-01-23 22:25","C:\ComfyUI_Models\models\unet\flux1-fill-dev-Q8_0.gguf","unet\flux1-fill-dev-Q8_0.gguf"
"unet","","qwen_image_edit_2511_fp8mixed.safetensors","safetensors","19.124","19582.5","20533762817","2026-02-03 22:39","C:\ComfyUI_Models\models\unet\qwen_image_edit_2511_fp8mixed.safetensors","unet\qwen_image_edit_2511_fp8mixed.safetensors"
"unet","","qwen-image-edit-2511-Q5_K_S.gguf","gguf","13.342","13662","14325611104","2026-02-08 21:53","C:\ComfyUI_Models\models\unet\qwen-image-edit-2511-Q5_K_S.gguf","unet\qwen-image-edit-2511-Q5_K_S.gguf"
"upscale_models","","4x_NMKD-Siax_200k.pth","pth","0.062","63.9","66957746","2026-02-05 18:01","C:\ComfyUI_Models\models\upscale_models\4x_NMKD-Siax_200k.pth","upscale_models\4x_NMKD-Siax_200k.pth"
"upscale_models","","4x-UltraSharp.pth","pth","0.062","63.9","66961958","2026-01-12 21:54","C:\ComfyUI_Models\models\upscale_models\4x-UltraSharp.pth","upscale_models\4x-UltraSharp.pth"
"upscale_models","","RealESRGAN_x4.pth","pth","0.062","63.9","67040989","2025-11-25 17:32","C:\ComfyUI_Models\models\upscale_models\RealESRGAN_x4.pth","upscale_models\RealESRGAN_x4.pth"
"vae","FLUX_Fill","ae.safetensors","safetensors","0.312","319.8","335304388","2026-01-11 15:28","C:\ComfyUI_Models\models\vae\FLUX_Fill\ae.safetensors","vae\FLUX_Fill\ae.safetensors"
"vae","FLUX2","ae.safetensors","safetensors","0.313","320.6","336211292","2026-01-01 14:45","C:\ComfyUI_Models\models\vae\FLUX2\ae.safetensors","vae\FLUX2\ae.safetensors"
"vae","FLUX2","flux2-vae.safetensors","safetensors","0.313","320.6","336213556","2026-01-01 16:34","C:\ComfyUI_Models\models\vae\FLUX2\flux2-vae.safetensors","vae\FLUX2\flux2-vae.safetensors"
"vae","Qwen2509","qwen_image_vae.safetensors","safetensors","0.236","242","253806246","2026-01-23 21:50","C:\ComfyUI_Models\models\vae\Qwen2509\qwen_image_vae.safetensors","vae\Qwen2509\qwen_image_vae.safetensors"
"vae","Z-Image","ae.safetensors","safetensors","0.312","319.8","335304388","2026-01-11 14:35","C:\ComfyUI_Models\models\vae\Z-Image\ae.safetensors","vae\Z-Image\ae.safetensors"
"vae_approx","","taef1_decoder.safetensors","safetensors","0.002","2.4","2464414","2025-12-31 04:50","C:\ComfyUI_Models\models\vae_approx\taef1_decoder.safetensors","vae_approx\taef1_decoder.safetensors"
"vae_approx","","taef1_encoder.safetensors","safetensors","0.002","2.4","2464424","2025-12-31 04:50","C:\ComfyUI_Models\models\vae_approx\taef1_encoder.safetensors","vae_approx\taef1_encoder.safetensors"
"vae_approx","","taesd_decoder.safetensors","safetensors","0.002","2.3","2450590","2025-12-31 04:50","C:\ComfyUI_Models\models\vae_approx\taesd_decoder.safetensors","vae_approx\taesd_decoder.safetensors"
"vae_approx","","taesd_encoder.safetensors","safetensors","0.002","2.3","2450568","2025-12-31 04:50","C:\ComfyUI_Models\models\vae_approx\taesd_encoder.safetensors","vae_approx\taesd_encoder.safetensors"
"vae_approx","","taesd3_decoder.safetensors","safetensors","0.002","2.4","2464414","2025-12-31 04:50","C:\ComfyUI_Models\models\vae_approx\taesd3_decoder.safetensors","vae_approx\taesd3_decoder.safetensors"
"vae_approx","","taesd3_encoder.safetensors","safetensors","0.002","2.4","2464424","2025-12-31 04:50","C:\ComfyUI_Models\models\vae_approx\taesd3_encoder.safetensors","vae_approx\taesd3_encoder.safetensors"
"vae_approx","","taesdxl_decoder.safetensors","safetensors","0.002","2.3","2450590","2025-12-31 04:50","C:\ComfyUI_Models\models\vae_approx\taesdxl_decoder.safetensors","vae_approx\taesdxl_decoder.safetensors"
"vae_approx","","taesdxl_encoder.safetensors","safetensors","0.002","2.3","2450568","2025-12-31 04:50","C:\ComfyUI_Models\models\vae_approx\taesdxl_encoder.safetensors","vae_approx\taesdxl_encoder.safetensors"
